[{"ip":"::1","user":"aniol@example.com","time":"2022-10-24 17:31:46","status":"signin_success"},{"ip":"::1","user":"aniol@example.com","time":"2022-10-24 17:31:53","status":"logoff"},{"ip":"::1","user":"nil@gmail.com","time":"2022-10-24 17:31:56","status":"signin_success"},{"ip":"::1","user":"nil@gmail.com","time":"2022-10-24 17:31:58","status":"logoff"},{"ip":"::1","user":"aniol@example.com","time":"2022-10-24 17:32:08","status":"signin_success"},{"ip":"::1","user":"nil@gmail.com","time":"2022-10-24 17:38:29","status":"signin_success"},{"ip":"::1","user":"nil@gmail.com","time":"2022-11-10 19:23:16","status":"signin_success"},{"ip":"::1","user":"nil@gmail.com","time":"2022-11-10 19:23:22","status":"logoff"},{"ip":"::1","user":"patata@gmail.com","time":"2022-11-10 19:23:47","status":"signin_success"},{"ip":"::1","user":"patata@gmail.com","time":"2022-11-10 19:23:54","status":"logoff"}]